Description,Country,total_orders,total_quantity,total_revenue
"WHITE HANGING HEART T-LIGHT HOLDER","United Kingdom",58,1014,2665.6999999999994
"HAND WARMER UNION JACK","United Kingdom",58,634,1232.4000000000008
"HAND WARMER SCOTTY DOG DESIGN","United Kingdom",53,713,1449.3000000000006
"HAND WARMER OWL DESIGN","United Kingdom",48,575,1159.4999999999998
"PAPER CHAIN KIT 50'S CHRISTMAS ","United Kingdom",44,514,1388.3000000000006
"RED WOOLLY HOTTIE WHITE HEART.","United Kingdom",42,726,2275.139999999999
"PAPER CHAIN KIT VINTAGE CHRISTMAS","United Kingdom",41,485,1302.7500000000007
"HAND WARMER RED RETROSPOT","United Kingdom",41,539,1083.9000000000003
"HAND WARMER BIRD DESIGN","United Kingdom",38,567,1142.7000000000005
"KNITTED UNION FLAG HOT WATER BOTTLE","United Kingdom",36,224,774.4799999999999
"REGENCY CAKESTAND 3 TIER","United Kingdom",35,452,5057.399999999999
"HEART OF WICKER SMALL","United Kingdom",33,302,482.3
"ASSORTED COLOUR BIRD ORNAMENT","United Kingdom",32,888,1423.9199999999996
"SET 7 BABUSHKA NESTING BOXES","United Kingdom",31,251,1955.0000000000002
"WHITE SKULL HOT WATER BOTTLE ","United Kingdom",31,168,604.08
"JAM MAKING SET PRINTED","United Kingdom",30,338,490.09999999999974
"HEART OF WICKER LARGE","United Kingdom",30,184,510.79999999999995
"SCOTTIE DOG HOT WATER BOTTLE","United Kingdom",29,178,881.1000000000001
"HOT WATER BOTTLE TEA AND SYMPATHY","United Kingdom",28,155,588.2500000000001
"RETROSPOT HEART HOT WATER BOTTLE","United Kingdom",28,119,572.25
"WOODEN FRAME ANTIQUE WHITE ","United Kingdom",27,159,430.65
"HOT WATER BOTTLE BABUSHKA ","United Kingdom",27,205,924.45
"CREAM CUPID HEARTS COAT HANGER","United Kingdom",26,159,462.75
"CHOCOLATE HOT WATER BOTTLE","United Kingdom",26,170,791.1000000000003
"JUMBO BAG RED RETROSPOT","United Kingdom",25,749,1280.55
"REX CASH+CARRY JUMBO SHOPPER","United Kingdom",24,41,38.95
"RETRO COFFEE MUGS ASSORTED","United Kingdom",23,216,238.08
"WOOD S/3 CABINET ANT WHITE FINISH","United Kingdom",23,67,482.65
"PACK OF 72 RETROSPOT CAKE CASES","United Kingdom",23,821,373.5499999999999
"JUMBO SHOPPER VINTAGE RED PAISLEY","United Kingdom",23,155,284.25
"SMALL POPCORN HOLDER","United Kingdom",23,426,336.09999999999997
"JAM MAKING SET WITH JARS","United Kingdom",22,110,449.5
"WOOD 2 DRAWER CABINET WHITE FINISH","United Kingdom",22,84,429.8
"WOODEN PICTURE FRAME WHITE FINISH","United Kingdom",22,129,288.45
"GLASS STAR FROSTED T-LIGHT HOLDER","United Kingdom",21,118,511.3
"ALARM CLOCK BAKELIKE GREEN","United Kingdom",21,137,513.75
"PACK OF 6 BIRDY GIFT TAGS","United Kingdom",21,408,482.64
"POPPY'S PLAYHOUSE BEDROOM ","United Kingdom",20,56,117.59999999999998
"HAND WARMER BABUSHKA DESIGN","United Kingdom",20,143,300.29999999999995
"HOMEMADE JAM SCENTED CANDLES","United Kingdom",20,348,485.3999999999998
"ALARM CLOCK BAKELIKE RED ","United Kingdom",20,196,735
"WHITE METAL LANTERN","United Kingdom",19,130,443.5799999999999
"POPPY'S PLAYHOUSE KITCHEN","United Kingdom",19,54,113.39999999999998
"WICKER STAR ","United Kingdom",19,83,174.29999999999998
"CHILLI LIGHTS","United Kingdom",19,568,2359.44
"HAND WARMER RED POLKA DOT","United Kingdom",18,120,224.99999999999994
"HOME BUILDING BLOCK WORD","United Kingdom",18,80,467
"60 CAKE CASES VINTAGE CHRISTMAS","United Kingdom",18,275,151.24999999999997
"SAVE THE PLANET MUG","United Kingdom",18,96,104.04
"VINTAGE BILLBOARD DRINK ME MUG","United Kingdom",18,133,148.01000000000002
"FAWN BLUE HOT WATER BOTTLE","United Kingdom",18,99,292.05
"NATURAL SLATE HEART CHALKBOARD ","United Kingdom",18,110,324.5
"CHRISTMAS LIGHTS 10 REINDEER","United Kingdom",18,44,374
"FELTCRAFT CHRISTMAS FAIRY","United Kingdom",18,73,310.25
"6 RIBBONS RUSTIC CHARM","United Kingdom",18,112,184.8
"CHRISTMAS CRAFT LITTLE FRIENDS","United Kingdom",18,60,126
"RECIPE BOX PANTRY YELLOW DESIGN","United Kingdom",18,105,290.54999999999995
"SET OF 20 VINTAGE CHRISTMAS NAPKINS","United Kingdom",17,273,211.88999999999996
"RED HANGING HEART T-LIGHT HOLDER","United Kingdom",17,187,513.25
"TRADITIONAL CHRISTMAS RIBBONS","United Kingdom",17,89,111.25
"RED RETROSPOT CAKE STAND","United Kingdom",17,36,394.1999999999999
"SCANDINAVIAN REDS RIBBONS","United Kingdom",17,95,118.75
"PINK CREAM FELT CRAFT TRINKET BOX ","United Kingdom",17,96,120
"FELTCRAFT BUTTERFLY HEARTS","United Kingdom",16,100,137
"VINTAGE BILLBOARD LOVE/HATE MUG","United Kingdom",16,108,116.76
"PLASTERS IN TIN VINTAGE PAISLEY ","United Kingdom",16,71,117.14999999999998
"GREY HEART HOT WATER BOTTLE","United Kingdom",16,104,377.04
"CHRISTMAS LIGHTS 10 VINTAGE BAUBLES","United Kingdom",16,178,794.3000000000001
"SET/5 RED RETROSPOT LID GLASS BOWLS","United Kingdom",16,192,515.1999999999999
"RECIPE BOX RETROSPOT ","United Kingdom",16,55,162.25000000000006
"POPPY'S PLAYHOUSE LIVINGROOM ","United Kingdom",15,31,65.10000000000002
"VINTAGE SNAP CARDS","United Kingdom",15,362,279.61999999999995
"LUNCH BOX I LOVE LONDON","United Kingdom",15,734,1218.9
"ZINC METAL HEART DECORATION","United Kingdom",15,123,153.75
"CHICK GREY HOT WATER BOTTLE","United Kingdom",15,85,275.25
"ALARM CLOCK BAKELIKE IVORY","United Kingdom",15,78,292.5
"HOT WATER BOTTLE I AM SO POORLY","United Kingdom",15,64,288.00000000000006
"SOLDIERS EGG CUP ","United Kingdom",14,152,190
"PLASTERS IN TIN SPACEBOY","United Kingdom",14,79,130.35
"12 PENCILS SMALL TUBE SKULL","United Kingdom",14,176,114.40000000000003
"TRAVEL SEWING KIT","United Kingdom",14,130,214.50000000000003
"STRAWBERRY CERAMIC TRINKET BOX","United Kingdom",14,636,753.96
"PLASTERS IN TIN SKULLS","United Kingdom",14,56,92.39999999999998
"ROTATING SILVER ANGELS T-LIGHT HLDR","United Kingdom",14,584,1193.9999999999998
"FELTCRAFT CUSHION RABBIT","United Kingdom",14,58,217.5
"VINTAGE HEADS AND TAILS CARD GAME ","United Kingdom",13,784,856.88
"FELTCRAFT PRINCESS LOLA DOLL","United Kingdom",13,25,93.75
"JUMBO STORAGE BAG SUKI","United Kingdom",13,98,191.09999999999997
"LUNCH BAG SUKI  DESIGN ","United Kingdom",13,190,293.5
"SET/20 RED RETROSPOT PAPER NAPKINS ","United Kingdom",13,366,270.78
"PINK BLUE FELT CRAFT TRINKET BOX","United Kingdom",13,228,257.64
"12 PENCILS SMALL TUBE RED RETROSPOT","United Kingdom",13,299,194.35
"DOORMAT RED RETROSPOT","United Kingdom",13,97,675.1500000000002
"FELTCRAFT CUSHION OWL","United Kingdom",13,51,191.25
" SET 2 TEA TOWELS I LOVE LONDON ","United Kingdom",13,50,147.5
"FELTCRAFT 6 FLOWER FRIENDS","United Kingdom",12,44,92.4
"PACK OF 12 LONDON TISSUES ","United Kingdom",12,726,210.53999999999996
"EDWARDIAN PARASOL RED","United Kingdom",12,70,374.49999999999994
"60 TEATIME FAIRY CAKE CASES","United Kingdom",12,276,136.20000000000002
"PAPER CHAIN KIT RETROSPOT","United Kingdom",12,88,259.6
"GREY FLORAL FELTCRAFT SHOULDER BAG","United Kingdom",12,21,78.75
"RED TOADSTOOL LED NIGHT LIGHT","United Kingdom",12,542,721.4999999999998
"LARGE POPCORN HOLDER ","United Kingdom",12,151,239.15000000000003
"SET OF 6 SOLDIER SKITTLES","United Kingdom",12,122,428.7
"CLOTHES PEGS RETROSPOT PACK 24 ","United Kingdom",12,179,235.02999999999994
"BABUSHKA LIGHTS STRING OF 10","United Kingdom",12,29,195.75
"CHRISTMAS TOILET ROLL","United Kingdom",12,53,66.25
"ASSORTED COLOUR MINI CASES","United Kingdom",12,50,378.29999999999995
"LUNCH BAG SPACEBOY DESIGN ","United Kingdom",12,57,94.05
"LUNCH BAG  BLACK SKULL.","United Kingdom",12,190,289.49999999999994
"SET OF 20 KIDS COOKIE CUTTERS","United Kingdom",12,145,304.5
"PACK 3 BOXES CHRISTMAS PANNETONE","United Kingdom",12,110,214.5
"RED KITCHEN SCALES","United Kingdom",12,28,238
"AGED GLASS SILVER T-LIGHT HOLDER","United Kingdom",12,294,176.70000000000002
"3 HEARTS HANGING DECORATION RUSTIC","United Kingdom",12,59,174.04999999999998
"SET OF 3 NOTEBOOKS IN PARCEL","United Kingdom",12,79,130.35
"CHRISTMAS CRAFT TREE TOP ANGEL","United Kingdom",12,34,71.4
"FELTCRAFT PRINCESS CHARLOTTE DOLL","United Kingdom",11,43,161.25
"ANTIQUE SILVER TEA GLASS ETCHED","United Kingdom",11,451,495.35
"RED RETROSPOT MINI CASES","United Kingdom",11,33,262.35
"RIBBON REEL CHRISTMAS SOCK BAUBLE","United Kingdom",11,40,66
"PARTY CONE CHRISTMAS DECORATION ","United Kingdom",11,96,81.59999999999998
"JUMBO BAG PINK POLKADOT","United Kingdom",11,91,177.45
"SET/6 RED SPOTTY PAPER PLATES","United Kingdom",11,460,330.52
"LUNCH BAG RED RETROSPOT","United Kingdom",11,110,169.50000000000003
"PACK OF 60 PINK PAISLEY CAKE CASES","United Kingdom",11,255,124.64999999999999
"PIGGY BANK RETROSPOT ","United Kingdom",11,66,168.29999999999998
"IVORY GIANT GARDEN THERMOMETER","United Kingdom",11,35,208.25000000000003
"GREEN REGENCY TEACUP AND SAUCER","United Kingdom",11,118,328.9
"RED RETROSPOT ROUND CAKE TINS","United Kingdom",11,18,179.1
"RED RETROSPOT OVEN GLOVE ","United Kingdom",11,232,252
"DOORMAT UNION FLAG","United Kingdom",11,38,278.09999999999997
"GRAND CHOCOLATECANDLE","United Kingdom",11,272,365.6
"CHRISTMAS CRAFT WHITE FAIRY ","United Kingdom",11,44,63.79999999999999
"ROSES REGENCY TEACUP AND SAUCER ","United Kingdom",11,111,308.25
"WOODEN BOX OF DOMINOES","United Kingdom",11,297,330.21000000000004
"ALARM CLOCK BAKELIKE ORANGE","United Kingdom",11,48,180
"VICTORIAN SEWING BOX SMALL ","United Kingdom",11,31,184.45000000000002
"SET OF 6 T-LIGHTS SNOWMEN","United Kingdom",11,37,109.15000000000002
"ALARM CLOCK BAKELIKE PINK","United Kingdom",11,69,258.75
"3 PIECE SPACEBOY COOKIE CUTTER SET","United Kingdom",11,50,104.99999999999999
"PLEASE ONE PERSON METAL SIGN","United Kingdom",11,74,155.40000000000003
"CHILDS BREAKFAST SET SPACEBOY ","United Kingdom",11,16,159.19999999999996
"JUMBO STORAGE BAG SKULLS","United Kingdom",11,136,235.19999999999996
"IVORY KITCHEN SCALES","United Kingdom",11,50,404.6
"DOLLY GIRL LUNCH BOX","United Kingdom",11,138,239.09999999999997
"LOVE BUILDING BLOCK WORD","United Kingdom",10,35,208.25
"RIBBON REEL SNOWY VILLAGE","United Kingdom",10,85,140.25
"VINTAGE UNION JACK MEMOBOARD","United Kingdom",10,16,159.19999999999996
"CHRISTMAS GINGHAM HEART","United Kingdom",10,270,210.77999999999992
"VICTORIAN SEWING BOX LARGE","United Kingdom",10,75,841.05
"BAKING SET SPACEBOY DESIGN","United Kingdom",10,99,439.6499999999999
"SET/3 RED GINGHAM ROSE STORAGE BOX","United Kingdom",10,104,405.36
"EDWARDIAN PARASOL BLACK","United Kingdom",10,54,297.29999999999995
"CERAMIC STRAWBERRY CAKE MONEY BANK","United Kingdom",10,206,269.9
"TRADITIONAL WOODEN CATCH CUP GAME ","United Kingdom",10,58,72.5
"RECYCLING BAG RETROSPOT ","United Kingdom",10,70,147
"BLUE DRAGONFLY HELICOPTER","United Kingdom",10,13,103.35000000000001
"RED GINGHAM ROSE JEWELLERY BOX","United Kingdom",10,125,206.24999999999994
"HEART FILIGREE DOVE  SMALL","United Kingdom",10,146,182.5
"RETROSPOT CHILDRENS APRON","United Kingdom",10,177,305.54999999999995
"ENGLISH ROSE HOT WATER BOTTLE","United Kingdom",10,55,221.75
"NOEL WOODEN BLOCK LETTERS ","United Kingdom",10,23,136.85000000000002
"COLOUR GLASS. STAR T-LIGHT HOLDER","United Kingdom",10,357,992.25
"RIBBON REEL CHRISTMAS PRESENT ","United Kingdom",10,52,85.80000000000003
"COSY HOUR GIANT TUBE MATCHES","United Kingdom",10,53,135.15
"LUNCH BAG WOODLAND","United Kingdom",10,49,80.85
"WOODEN HEART CHRISTMAS SCANDINAVIAN","United Kingdom",10,85,72.25
"HEART IVORY TRELLIS SMALL","United Kingdom",10,93,116.25
"RED  HARMONICA IN BOX ","United Kingdom",10,1581,1710.25
"BLUE HARMONICA IN BOX ","United Kingdom",10,122,152.5
"PACK 3 BOXES BIRD PANNETONE ","United Kingdom",10,57,111.14999999999999
"10 COLOUR SPACEBOY PEN","United Kingdom",10,232,197.19999999999993
Manual,"United Kingdom",10,60,63.85999999999999
"CHILDS BREAKFAST SET DOLLY GIRL ","United Kingdom",10,17,169.14999999999998
POSTAGE,Germany,10,22,396
"BATH BUILDING BLOCK WORD","United Kingdom",9,28,166.60000000000002
"JUMBO  BAG BAROQUE BLACK WHITE","United Kingdom",9,183,326.84999999999997
"PINK FLORAL FELTCRAFT SHOULDER BAG","United Kingdom",9,26,97.5
"RED 3 PIECE RETROSPOT CUTLERY SET","United Kingdom",9,57,213.75
"BOX OF 24 COCKTAIL PARASOLS","United Kingdom",9,134,51.28
"DOORMAT FANCY FONT HOME SWEET HOME","United Kingdom",9,53,385.35
"3D TRADITIONAL CHRISTMAS STICKERS","United Kingdom",9,46,57.5
"LUNCH BAG DOLLY GIRL DESIGN","United Kingdom",9,55,90.74999999999999
"ROSE COTTAGE KEEPSAKE BOX ","United Kingdom",9,31,285.25
"SET/6 RED SPOTTY PAPER CUPS","United Kingdom",9,160,104
"PICNIC BASKET WICKER SMALL","United Kingdom",9,60,325
"SILK PURSE BABUSHKA RED","United Kingdom",9,30,100.5
"PACK OF 12 SUKI TISSUES ","United Kingdom",9,104,30.159999999999997
"FAMILY PHOTO FRAME CORNICE","United Kingdom",9,24,238.79999999999998
"BATHROOM METAL SIGN","United Kingdom",9,71,39.05
"APPLE BATH SPONGE","United Kingdom",9,145,181.25
"RETROSPOT CIGAR BOX MATCHES ","United Kingdom",9,58,72.5
"GUMBALL COAT RACK","United Kingdom",9,138,303.3
"3D CHRISTMAS STAMPS STICKERS ","United Kingdom",9,33,41.25
"RIBBON REEL STRIPES DESIGN ","United Kingdom",9,38,62.699999999999996
"LUNCH BAG CARS BLUE","United Kingdom",9,34,56.1
"HEART IVORY TRELLIS LARGE","United Kingdom",9,70,115.5
"DOORMAT HEARTS","United Kingdom",9,83,575.8500000000001
"RECORD FRAME 7" SINGLE SIZE "","United Kingdom",9,294,641.7
"4 TRADITIONAL SPINNING TOPS","United Kingdom",9,84,105
"CHILDRENS DOLLY GIRL MUG","United Kingdom",9,48,79.19999999999999
"SWALLOW WOODEN CHRISTMAS DECORATION","United Kingdom",9,123,104.54999999999998
"WOODEN TREE CHRISTMAS SCANDINAVIAN","United Kingdom",9,92,78.2
"METAL 4 HOOK HANGER FRENCH CHATEAU","United Kingdom",9,46,135.70000000000002
"SPACEBOY LUNCH BOX ","United Kingdom",9,134,231.3
"FELTCRAFT CUSHION BUTTERFLY","United Kingdom",9,42,157.5
"BOX OF VINTAGE ALPHABET BLOCKS","United Kingdom",8,170,1465.3
"MEMO BOARD COTTAGE DESIGN","United Kingdom",8,14,69.30000000000001
"PINK FAIRY CAKE CHILDRENS APRON","United Kingdom",8,77,135.15
"CHILDRENS APRON SPACEBOY DESIGN","United Kingdom",8,31,60.449999999999996
"CLEAR DRAWER KNOB ACRYLIC EDWARDIAN","United Kingdom",8,130,162.5
"GIN + TONIC DIET METAL SIGN","United Kingdom",8,42,88.2
"RED RETROSPOT APRON ","United Kingdom",8,15,89.25000000000001
"EDWARDIAN PARASOL NATURAL","United Kingdom",8,59,289.85
"TRADITIONAL MODELLING CLAY","United Kingdom",8,29,36.25
"WOOD BLACK BOARD ANT WHITE FINISH","United Kingdom",8,68,395.4
"ENAMEL FLOWER JUG CREAM","United Kingdom",8,12,71.40000000000002
"FAIRY TALE COTTAGE NIGHTLIGHT","United Kingdom",8,523,803.8499999999999
"HEART WOODEN CHRISTMAS DECORATION","United Kingdom",8,202,171.69999999999996
"COSY HOUR CIGAR BOX MATCHES ","United Kingdom",8,43,53.75
"ANTIQUE TALL SWIRLGLASS TRINKET POT","United Kingdom",8,38,142.5
"PHOTO CUBE","United Kingdom",8,118,178.38
"3 STRIPEY MICE FELTCRAFT","United Kingdom",8,26,50.699999999999996
"BLACK HEART CARD HOLDER","United Kingdom",8,68,248.44000000000003
"IVORY EMBROIDERED QUILT ","United Kingdom",8,17,607.75
"SILK PURSE BABUSHKA PINK","United Kingdom",8,34,113.89999999999999
"BIRD HOUSE HOT WATER BOTTLE","United Kingdom",8,19,48.449999999999996
"WHITE SPOT BLUE CERAMIC DRAWER KNOB","United Kingdom",8,146,182.5
"BALLOONS  WRITING SET ","United Kingdom",8,21,34.64999999999999
"DOORMAT 3 SMILEY CATS","United Kingdom",8,24,178.79999999999998
"PACK OF 12 HEARTS DESIGN TISSUES ","United Kingdom",8,81,23.490000000000002
"GROW YOUR OWN BASIL IN ENAMEL MUG","United Kingdom",8,17,35.70000000000001
"SET OF 6 T-LIGHTS SANTA","United Kingdom",8,26,76.70000000000002
"CANDLEHOLDER PINK HANGING HEART","United Kingdom",8,24,70.80000000000001
"WOODEN STAR CHRISTMAS SCANDINAVIAN","United Kingdom",8,60,51
"CHRISTMAS RETROSPOT TREE WOOD","United Kingdom",8,38,32.3
"WICKER WREATH LARGE","United Kingdom",8,38,74.1
"36 FOIL HEART CAKE CASES","United Kingdom",8,16,33.60000000000001
"RED DINER WALL CLOCK","United Kingdom",8,14,119
"PACK OF 72 SKULL CAKE CASES","United Kingdom",8,124,68.2
"CARD CHRISTMAS VILLAGE","United Kingdom",8,168,70.56
"SINGLE HEART ZINC T-LIGHT HOLDER","United Kingdom",8,88,83.6
"BLACK/BLUE POLKADOT UMBRELLA","United Kingdom",8,16,95.20000000000002
"SLEEPING CAT ERASERS","United Kingdom",8,453,77.12999999999998
"RIBBON REEL MAKING SNOWMEN ","United Kingdom",8,40,66
"CHILDREN'S SPACEBOY MUG","United Kingdom",8,37,61.04999999999999
"CREAM SWEETHEART LETTER RACK","United Kingdom",8,19,103.55000000000001
"CARD BILLBOARD FONT","United Kingdom",8,108,45.36
"RETROSPOT RED WASHING UP GLOVES","United Kingdom",8,25,52.50000000000001
"POPPY'S PLAYHOUSE BATHROOM","United Kingdom",8,19,39.900000000000006
"WHITE CHRISTMAS STAR DECORATION","United Kingdom",8,130,54.599999999999994
"ROUND SNACK BOXES SET OF 4 FRUITS ","United Kingdom",8,110,295.7
"RED RETROSPOT BUTTER DISH","United Kingdom",8,17,84.15000000000002
"FELTCRAFT DOLL EMILY","United Kingdom",8,21,61.95000000000002
"KEY FOB , GARAGE DESIGN","United Kingdom",7,69,44.85
"DOORMAT NEW ENGLAND","United Kingdom",7,43,305.84999999999997
"RED FLORAL FELTCRAFT SHOULDER BAG","United Kingdom",7,18,67.5
"SET 12 RETRO WHITE CHALK STICKS","United Kingdom",7,36,15.12
"RED RETROSPOT TRADITIONAL TEAPOT ","United Kingdom",7,24,178.8
"FELTCRAFT HAIRBAND PINK AND PURPLE","United Kingdom",7,25,21.25
"CERAMIC CAKE STAND + HANGING CAKES","United Kingdom",7,20,187.39999999999998
"PLASTERS IN TIN WOODLAND ANIMALS","United Kingdom",7,22,36.29999999999999
"YOU'RE CONFUSING ME METAL SIGN ","United Kingdom",7,33,55.769999999999996
"CHARLIE + LOLA RED HOT WATER BOTTLE","United Kingdom",7,73,200.94999999999996
"TEA TIME KITCHEN APRON","United Kingdom",7,13,77.35000000000001
"HEADS AND TAILS SPORTING FUN","United Kingdom",7,35,43.75
"S/6 WOODEN SKITTLES IN COTTON BAG","United Kingdom",7,23,67.85000000000001
"ANTIQUE GLASS DRESSING TABLE POT","United Kingdom",7,32,94.4
"SWEETHEART CERAMIC TRINKET BOX","United Kingdom",7,77,96.25
"SET3 BOOK BOX GREEN GINGHAM FLOWER ","United Kingdom",7,30,127.5
"ENAMEL BREAD BIN CREAM","United Kingdom",7,22,266.1
"WORLD WAR 2 GLIDERS ASSTD DESIGNS","United Kingdom",7,3408,648.4799999999999
"COLOURING PENCILS BROWN TUBE","United Kingdom",7,40,42.4
"T-LIGHT GLASS FLUTED ANTIQUE","United Kingdom",7,247,267.71000000000004
"SWEETHEART RECIPE BOOK STAND","United Kingdom",7,14,94.5
"DELUXE SEWING KIT ","United Kingdom",7,66,352.7
"TRADITIONAL WOODEN SKIPPING ROPE","United Kingdom",7,35,43.75
"FANCY FONT BIRTHDAY CARD, ","United Kingdom",7,216,84.24000000000001
"HAND OVER THE CHOCOLATE   SIGN ","United Kingdom",7,65,136.5
"GREEN GIANT GARDEN THERMOMETER","United Kingdom",7,15,89.25000000000001
"DOORMAT FAIRY CAKE","United Kingdom",7,14,111.30000000000001
"SET/10 RED POLKADOT PARTY CANDLES","United Kingdom",7,340,370.28000000000003
"WASHROOM METAL SIGN","United Kingdom",7,59,85.55
"PHOTO FRAME CORNICE","United Kingdom",7,35,103.25
"GREEN 3 PIECE POLKADOT CUTLERY SET","United Kingdom",7,43,161.25
"ALARM CLOCK BAKELIKE CHOCOLATE","United Kingdom",7,23,86.25
"MAKE YOUR OWN MONSOON CARD KIT","United Kingdom",7,20,59.00000000000001
"HEART FILIGREE DOVE LARGE","United Kingdom",7,40,65.99999999999999
"SET/10 PINK POLKADOT PARTY CANDLES","United Kingdom",7,294,312.78000000000003
"CHARLIE+LOLA PINK HOT WATER BOTTLE","United Kingdom",7,41,120.95000000000002
"GINGERBREAD MAN COOKIE CUTTER","United Kingdom",7,72,90
"CHRISTMAS METAL TAGS ASSORTED ","United Kingdom",7,66,56.099999999999994
"LUNCH BAG PINK POLKADOT","United Kingdom",7,19,31.349999999999998
"STAR WOODEN CHRISTMAS DECORATION","United Kingdom",7,78,66.3
"SET/9 CHRISTMAS T-LIGHTS SCENTED ","United Kingdom",7,24,30
"PINK DRAWER KNOB ACRYLIC EDWARDIAN","United Kingdom",7,82,102.5
"PLACE SETTING WHITE HEART","United Kingdom",7,90,37.8
"RETROSPOT SMALL TUBE MATCHES","United Kingdom",7,54,89.1
"CINAMMON SET OF 9 T-LIGHTS","United Kingdom",7,52,44.2
"SET OF 3 HEART COOKIE CUTTERS","United Kingdom",7,31,38.75
"VINTAGE UNION JACK APRON","United Kingdom",7,17,118.15000000000002
"PINK 3 PIECE POLKADOT CUTLERY SET","United Kingdom",7,40,150
"AIRLINE BAG VINTAGE TOKYO 78","United Kingdom",7,15,63.75
"SET OF 72 RETROSPOT PAPER  DOILIES","United Kingdom",7,54,78.3
"SPACEBOY BIRTHDAY CARD","United Kingdom",7,120,50.4
"SWISS CHALET TREE DECORATION ","United Kingdom",7,109,92.64999999999999
"GREEN CHRISTMAS TREE CARD HOLDER","United Kingdom",7,22,93.5
"PAPER BUNTING WHITE LACE","United Kingdom",7,16,47.2
"36 FOIL STAR CAKE CASES ","United Kingdom",7,24,50.400000000000006
"DOORMAT UNION JACK GUNS AND ROSES","United Kingdom",7,11,87.45000000000002
"CHRISTMAS HANGING HEART WITH BELL","United Kingdom",7,31,38.75
"6 RIBBONS ELEGANT CHRISTMAS ","United Kingdom",7,90,134.1
"JUMBO BAG STRAWBERRY","United Kingdom",7,64,124.80000000000001
"ROUND SNACK BOXES SET OF 4 SKULLS","United Kingdom",7,13,38.35000000000001
"TEA TIME OVEN GLOVE","United Kingdom",7,26,32.5
"FELTCRAFT DOLL MOLLY","United Kingdom",7,14,41.30000000000001
"12 PENCIL SMALL TUBE WOODLAND","United Kingdom",7,103,66.95
"CHARLOTTE BAG PINK POLKADOT","United Kingdom",7,45,38.25000000000001
"RED RETROSPOT CHARLOTTE BAG","United Kingdom",7,50,42.5
"SET/2 RED RETROSPOT TEA TOWELS ","United Kingdom",7,22,64.9
"SET 10 LIGHTS NIGHT OWL","United Kingdom",7,45,284.55
"BLUE COAT RACK PARIS FASHION","United Kingdom",6,14,69.30000000000001
"ASSORTED CREEPY CRAWLIES","United Kingdom",6,145,60.9
"SILK PURSE BABUSHKA BLUE","United Kingdom",6,12,40.2
"LANTERN CREAM GAZEBO ","United Kingdom",6,20,99
"CHRISTMAS GINGHAM STAR","United Kingdom",6,230,176.77999999999997
"PURPLE DRAWERKNOB ACRYLIC EDWARDIAN","United Kingdom",6,73,91.25
"FOOD CONTAINER SET 3 LOVE HEART ","United Kingdom",6,28,54.599999999999994
"LUNCH BOX WITH CUTLERY RETROSPOT ","United Kingdom",6,23,58.64999999999999
"60 CAKE CASES DOLLY GIRL DESIGN","United Kingdom",6,17,9.350000000000001
"SOAP DISH BROCANTE","United Kingdom",6,31,91.45000000000002
"WHITE SPOT RED CERAMIC DRAWER KNOB","United Kingdom",6,49,61.25
"SET 3 RETROSPOT TEA,COFFEE,SUGAR","United Kingdom",6,42,191.09999999999997
"COOK WITH WINE METAL SIGN ","United Kingdom",6,29,56.550000000000004
"MAGIC DRAWING SLATE SPACEBOY ","United Kingdom",6,174,64.44000000000001
"RETROSPOT LARGE MILK JUG","United Kingdom",6,26,120.30000000000003
"PLASTERS IN TIN CIRCUS PARADE ","United Kingdom",6,44,72.59999999999998
"VINTAGE SNAKES & LADDERS","United Kingdom",6,21,78.75
"I CAN ONLY PLEASE ONE PERSON MUG","United Kingdom",6,104,116.32000000000001
"COLOUR GLASS T-LIGHT HOLDER HANGING","United Kingdom",6,184,119.60000000000001
"PACK OF 12 SKULL TISSUES","United Kingdom",6,53,15.369999999999994
"ENAMEL FIRE BUCKET CREAM","United Kingdom",6,16,111.2
"SMALL YELLOW BABUSHKA NOTEBOOK ","United Kingdom",6,21,17.849999999999998
"DOORMAT ENGLISH ROSE ","United Kingdom",6,38,266.09999999999997
"FELTCRAFT DOLL MARIA","United Kingdom",6,12,35.400000000000006
"RED TEA TOWEL CLASSIC DESIGN","United Kingdom",6,27,33.75
"PLASTERS IN TIN STRONGMAN","United Kingdom",6,177,292.0499999999999
"LARGE HEART MEASURING SPOONS","United Kingdom",6,26,42.89999999999999
"DOORMAT SPOTTY HOME SWEET HOME","United Kingdom",6,27,190.64999999999998
"CHRISTMAS RETROSPOT HEART WOOD","United Kingdom",6,58,49.3
"JAM JAR WITH PINK LID","United Kingdom",6,96,75.36
"JAM JAR WITH GREEN LID","United Kingdom",6,92,71.96000000000001
"HANGING HEART ZINC T-LIGHT HOLDER","United Kingdom",6,194,134.66
"DISCO BALL CHRISTMAS DECORATION","United Kingdom",6,394,41.52000000000001
"OVERNIGHT BAG VINTAGE ROSE PAISLEY","United Kingdom",6,6,29.7
"COOKING SET RETROSPOT","United Kingdom",6,8,79.60000000000001
"HOME SWEET HOME MUG","United Kingdom",6,39,48.75
"SKULLS STORAGE BOX SMALL","United Kingdom",6,9,18.9
"36 PENCILS TUBE SKULLS","United Kingdom",6,12,15
"SET OF 3 COLOURED  FLYING DUCKS","United Kingdom",6,187,875.1500000000001
"PACK OF 12 RED RETROSPOT TISSUES ","United Kingdom",6,73,21.169999999999998
"VICTORIAN SEWING BOX MEDIUM","United Kingdom",6,12,95.4
"BINGO SET","United Kingdom",6,15,56.25
"TRIPLE PHOTO FRAME CORNICE ","United Kingdom",6,13,129.35
"SET 12 KIDS COLOUR  CHALK STICKS","United Kingdom",6,47,19.740000000000002
"DOORMAT RESPECTABLE HOUSE","United Kingdom",6,18,131.1
"LADIES & GENTLEMEN METAL SIGN","United Kingdom",6,18,45.89999999999999
"I'M ON HOLIDAY METAL SIGN","United Kingdom",6,18,37.800000000000004
"SET OF 9 HEART SHAPED BALLOONS","United Kingdom",6,34,42.5
"SANDWICH BATH SPONGE","United Kingdom",6,21,26.25
"STAR PORTABLE TABLE LIGHT ","United Kingdom",6,124,327.4
"RIBBON REEL SOCKS AND MITTENS","United Kingdom",6,17,28.049999999999997
"CHRISTMAS PUDDING TRINKET POT ","United Kingdom",6,66,95.7
"RETROSPOT PARTY BAG + STICKER SET","United Kingdom",6,73,120.45
"CHOCOLATE BOX RIBBONS ","United Kingdom",6,33,41.25
"ORANGE SCENTED SET/9 T-LIGHTS","United Kingdom",6,11,9.349999999999998
"SET OF 3 BUTTERFLY COOKIE CUTTERS","United Kingdom",6,31,38.75
"72 SWEETHEART FAIRY CAKE CASES","United Kingdom",6,91,50.050000000000004
"BLUE DINER WALL CLOCK","United Kingdom",6,11,93.5
"RED RETROSPOT OVEN GLOVE DOUBLE","United Kingdom",6,22,64.9
"CARD MOTORBIKE SANTA","United Kingdom",6,120,50.4
"BLACK RECORD COVER FRAME","United Kingdom",6,1117,3786.9900000000007
"ROCKING HORSE RED CHRISTMAS ","United Kingdom",6,121,90.37
"RED RETROSPOT UMBRELLA","United Kingdom",6,13,77.35000000000001
"BUTTON BOX ","United Kingdom",6,10,19.5
"MINI PAINT SET VINTAGE ","United Kingdom",6,396,243.00000000000003
"BLACK CANDELABRA T-LIGHT HOLDER","United Kingdom",6,156,147.6
"VANILLA SCENT CANDLE JEWELLED BOX","United Kingdom",6,16,68
"FULL ENGLISH BREAKFAST PLATE","United Kingdom",6,30,106.74000000000001
"MAGIC DRAWING SLATE CIRCUS PARADE  ","United Kingdom",6,56,23.520000000000003
"PACK OF 6 PANNETONE GIFT BOXES","United Kingdom",6,42,107.1
"BLACK KITCHEN SCALES","United Kingdom",6,11,93.5
"JUMBO BAG OWLS","United Kingdom",6,59,115.05
"WOOD STOCKING CHRISTMAS SCANDISPOT","United Kingdom",6,29,24.65
"STAR DECORATION RUSTIC","United Kingdom",6,128,53.760000000000005
"RED RETROSPOT SUGAR JAM BOWL","United Kingdom",6,41,93.75
"KEY FOB , SHED","United Kingdom",6,76,49.4
"FAIRY CAKE DESIGN UMBRELLA","United Kingdom",6,17,63.75
"FELTCRAFT DOLL ROSIE","United Kingdom",6,14,41.300000000000004
"FELTCRAFT PRINCESS OLIVIA DOLL","United Kingdom",6,8,30
"RED RETROSPOT PEG BAG","United Kingdom",6,23,48.30000000000001
"KEY FOB , BACK DOOR ","United Kingdom",6,59,38.35
"IVORY KNITTED MUG COSY ","United Kingdom",5,24,39.599999999999994
"TOADSTOOL MONEY BOX","United Kingdom",5,27,79.65
"BOX OF VINTAGE JIGSAW BLOCKS ","United Kingdom",5,18,89.10000000000001
"CAKE PLATE LOVEBIRD WHITE","United Kingdom",5,9,44.55000000000001
"RED COAT RACK PARIS FASHION","United Kingdom",5,8,39.6
"MINT KITCHEN SCALES","United Kingdom",5,11,93.5
"ENCHANTED BIRD COATHANGER 5 HOOK","United Kingdom",5,15,69.75
"SET/3 CHRISTMAS DECOUPAGE CANDLES","United Kingdom",5,78,88.38
"15CM CHRISTMAS GLASS BALL 20 LIGHTS","United Kingdom",5,19,151.05
"PINK HEART SHAPE EGG FRYING PAN","United Kingdom",5,181,231.45
"TV DINNER TRAY AIR HOSTESS ","United Kingdom",5,7,34.65
"LADS ONLY TISSUE BOX","United Kingdom",5,327,408.75
"S/4 CACTI CANDLES","United Kingdom",5,20,87.80000000000001
"COWBOYS AND INDIANS BIRTHDAY CARD ","United Kingdom",5,108,43.92
"BROCADE RING PURSE ","United Kingdom",5,831,138.51
"PAINTED METAL PEARS ASSORTED","United Kingdom",5,40,67.6
"ROMANTIC PINKS RIBBONS ","United Kingdom",5,22,27.5
"MAGIC DRAWING SLATE PURDEY","United Kingdom",5,627,228.77999999999997
"WOODEN SCHOOL COLOURING SET","United Kingdom",5,42,69.29999999999998
"ANTIQUE GLASS HEART DECORATION ","United Kingdom",5,29,56.55
"COFFEE MUG CAT + BIRD DESIGN","United Kingdom",5,17,43.349999999999994
"PACK OF 60 SPACEBOY CAKE CASES","United Kingdom",5,37,20.349999999999998
"AREA PATROLLED METAL SIGN","United Kingdom",5,21,44.1
"POTTING SHED TEA MUG","United Kingdom",5,103,115.07000000000001
"SMALL HEART MEASURING SPOONS","United Kingdom",5,25,21.25
"12 PENCILS TALL TUBE SKULLS","United Kingdom",5,32,27.200000000000003
"PAPER BUNTING RETROSPOT","United Kingdom",5,82,225.90000000000003
"STRAWBERRY CHARLOTTE BAG","United Kingdom",5,18,15.299999999999999
"BLUE 3 PIECE POLKADOT CUTLERY SET","United Kingdom",5,23,86.25
"12 PENCILS TALL TUBE RED RETROSPOT","United Kingdom",5,30,25.5
"AIRLINE BAG VINTAGE JET SET RED","United Kingdom",5,10,42.5
"SILVER HANGING T-LIGHT HOLDER","United Kingdom",5,168,248.39999999999998
"MULTI COLOUR SILVER T-LIGHT HOLDER","United Kingdom",5,108,91.8
"JUMBO BAG PINK VINTAGE PAISLEY","United Kingdom",5,136,235.2
"RED BABY BUNTING ","United Kingdom",5,15,44.25
"LOVEBIRD HANGING DECORATION WHITE ","United Kingdom",5,50,42.5
"RED DRAWER KNOB ACRYLIC EDWARDIAN","United Kingdom",5,108,135
"BLUE SPOT CERAMIC DRAWER KNOB","United Kingdom",5,40,50
"ROUND CAKE TIN VINTAGE GREEN","United Kingdom",5,7,55.650000000000006
"GREEN JUICY FRUIT PHOTO FRAME","United Kingdom",5,22,56.099999999999994
"ENAMEL WASH BOWL CREAM","United Kingdom",5,12,45
"SPACEBOY TV DINNER TRAY","United Kingdom",5,5,24.75
"ASSORTED COLOURS SILK FAN","United Kingdom",5,72,54
"SQUARECUSHION COVER PINK UNION FLAG","United Kingdom",5,9,60.75
"ZINC WILLIE WINKIE  CANDLE STICK","United Kingdom",5,35,29.75
"CERAMIC CHERRY CAKE MONEY BANK","United Kingdom",5,30,43.5
"BLUE POLKADOT WRAP","United Kingdom",5,325,116.5
"WOODLAND CHARLOTTE BAG","United Kingdom",5,138,100.39999999999999
"VICTORIAN SEWING KIT","United Kingdom",5,118,147.5
"FUNKY WASHING UP GLOVES ASSORTED","United Kingdom",5,7,14.7
"CHILDS BREAKFAST SET CIRCUS PARADE","United Kingdom",5,13,110.5
"LAUNDRY 15C METAL SIGN","United Kingdom",5,35,50.75000000000001
"POTTERING IN THE SHED METAL SIGN","United Kingdom",5,16,31.199999999999996
"3 TIER CAKE TIN GREEN AND CREAM","United Kingdom",5,6,89.7
"NOVELTY BISCUITS CAKE STAND 3 TIER","United Kingdom",5,9,89.55
"LAVENDER SCENTED FABRIC HEART","United Kingdom",5,46,57.5
"ANGEL DECORATION 3 BUTTONS ","United Kingdom",5,74,31.08
"3D VINTAGE CHRISTMAS STICKERS ","United Kingdom",5,31,38.75
"HOME SWEET HOME METAL SIGN ","United Kingdom",5,34,100.30000000000003
"CLASSIC METAL BIRDCAGE PLANT HOLDER","United Kingdom",5,7,89.25
"OCEAN SCENT CANDLE IN JEWELLED BOX","United Kingdom",5,16,68
"JUMBO BAG DOLLY GIRL DESIGN","United Kingdom",5,19,37.05
"GLITTER HANGING BUTTERFLY STRING","United Kingdom",5,18,37.800000000000004
"BEWARE OF THE CAT METAL SIGN ","United Kingdom",5,10,16.9
"CHRISTMAS TREE HEART DECORATION","United Kingdom",5,76,31.92
"ROUND SNACK BOXES SET OF4 WOODLAND ","United Kingdom",5,19,56.050000000000004
"HOME SMALL WOOD LETTERS","United Kingdom",5,8,39.6
"COSY SLIPPER SHOES SMALL  RED ","United Kingdom",5,15,44.25
"BLUE STRIPE CERAMIC DRAWER KNOB","United Kingdom",5,41,51.25
"CHRISTMAS GINGHAM TREE","United Kingdom",5,99,84.14999999999999
"FELTCRAFT HAIRBANDS PINK AND WHITE ","United Kingdom",5,23,19.549999999999997
"MAGIC DRAWING SLATE DOLLY GIRL ","United Kingdom",5,138,51.48
"JUMBO BAG WOODLAND ANIMALS","United Kingdom",5,47,91.64999999999999
"JUMBO BAG SCANDINAVIAN PAISLEY","United Kingdom",5,222,372.9
"CUPCAKE LACE PAPER SET 6","United Kingdom",5,33,64.35
"KINGS CHOICE BISCUIT TIN","United Kingdom",5,14,59.5
"BLUE TEA TOWEL CLASSIC DESIGN","United Kingdom",5,23,28.75
"CERAMIC HEART FAIRY CAKE MONEY BANK","United Kingdom",5,41,59.449999999999996
"CERAMIC PIRATE CHEST MONEY BANK","United Kingdom",5,33,47.849999999999994
"BLUE PAISLEY NOTEBOOK","United Kingdom",5,10,16.5
"S/15 SILVER GLASS BAUBLES IN BAG","United Kingdom",5,61,76.25
"FRENCH WC SIGN BLUE METAL","United Kingdom",5,17,21.25
"FIRST AID TIN","United Kingdom",5,13,42.25
"RECIPE BOX BLUE SKETCHBOOK DESIGN","United Kingdom",5,15,44.25
"DINOSAURS  WRITING SET ","United Kingdom",5,5,8.25
"SKULLS WRITING SET ","United Kingdom",5,6,9.9
"CHRISTMAS DECOUPAGE CANDLE","United Kingdom",5,35,29.75
"36 PENCILS TUBE WOODLAND","United Kingdom",5,39,48.75
"VINTAGE UNION JACK BUNTING","United Kingdom",5,8,68
"CARD I LOVE LONDON ","United Kingdom",5,60,25.2
"SMALL GLASS HEART TRINKET POT","United Kingdom",5,104,206.4
"AIRLINE BAG VINTAGE JET SET WHITE","United Kingdom",5,7,29.75
"RED RETROSPOT MUG","United Kingdom",5,36,106.20000000000002
"RAINY LADIES BIRTHDAY CARD","United Kingdom",5,60,25.2
"PIZZA PLATE IN BOX","United Kingdom",5,17,63.75
"12 MESSAGE CARDS WITH ENVELOPES","United Kingdom",5,11,18.15
"PICTURE DOMINOES","United Kingdom",5,61,88.44999999999999
"SMALL RED BABUSHKA NOTEBOOK ","United Kingdom",5,18,15.299999999999997
"HERB MARKER ROSEMARY","United Kingdom",5,18,11.700000000000001
"TV DINNER TRAY VINTAGE PAISLEY","United Kingdom",5,10,49.5
"HERB MARKER BASIL","United Kingdom",5,20,13
"HERB MARKER PARSLEY","United Kingdom",5,20,13
"HERB MARKER THYME","United Kingdom",5,19,12.350000000000001
"RETROSPOT GIANT TUBE MATCHES","United Kingdom",5,20,50.99999999999999
"SWEETHEART CAKESTAND 3 TIER","United Kingdom",5,9,89.54999999999998
"CHRISTMAS HANGING STAR WITH BELL","United Kingdom",5,23,28.75
"KITCHEN METAL SIGN","United Kingdom",5,30,16.5
"TOILET METAL SIGN","United Kingdom",5,29,15.950000000000001
"WHITE BELL HONEYCOMB PAPER ","United Kingdom",5,16,26.4
"ENAMEL MEASURING JUG CREAM","United Kingdom",5,12,51
"STRAWBERRY BATH SPONGE ","United Kingdom",5,105,131.25
"CHILDRENS APRON APPLES DESIGN","United Kingdom",5,44,85.8
"MEASURING TAPE BABUSHKA RED","United Kingdom",5,69,179.55
"BOX OF 6 ASSORTED COLOUR TEASPOONS","United Kingdom",4,9,38.25
"SET/3 VANILLA SCENTED CANDLE IN BOX","United Kingdom",4,9,38.25
"WHITE BELL HONEYCOMB PAPER GARLAND ","United Kingdom",4,27,44.55
"BLUE  DIAMANTE PEN IN GIFT BOX","United Kingdom",4,5,24.75
"SMALL PURPLE BABUSHKA NOTEBOOK ","United Kingdom",4,14,11.899999999999999
"SET OF 6 T-LIGHTS TOADSTOOLS","United Kingdom",4,25,73.75000000000001
"AIRLINE BAG VINTAGE WORLD CHAMPION ","United Kingdom",4,5,21.25
"CORONA MEXICAN TRAY","United Kingdom",4,20,75
"TEA TIME PARTY BUNTING","United Kingdom",4,17,79.05000000000001
"WHITE CHRISTMAS GARLAND STARS TREES","United Kingdom",4,8,30
"TEA PARTY BIRTHDAY CARD","United Kingdom",4,48,20.16
"MINI CAKE STAND WITH HANGING CAKES","United Kingdom",4,56,74.8
"CIRCUS PARADE CHILDRENS EGG CUP ","United Kingdom",4,39,48.75
"FELTCRAFT HAIRBAND RED AND BLUE","United Kingdom",4,22,18.7
"EMPIRE UNION JACK TV DINNER TRAY","United Kingdom",4,10,49.5
"PACK OF 60 MUSHROOM CAKE CASES","United Kingdom",4,57,31.35
"MAKE YOUR OWN FLOWERPOWER CARD KIT","United Kingdom",4,14,41.30000000000001
"MOODY GIRL DOOR HANGER ","United Kingdom",4,15,21.749999999999996
"BLUE HAPPY BIRTHDAY BUNTING","United Kingdom",4,62,297.90000000000003
"PACK OF 12 COLOURED PENCILS","United Kingdom",4,99,84.15
"WOODEN ROUNDERS GARDEN SET ","United Kingdom",4,6,59.7
"CHRISTMAS LIGHTS 10 SANTAS ","United Kingdom",4,11,93.5
POSTAGE,France,4,15,270
"JUMBO BAG CHARLIE AND LOLA TOYS","United Kingdom",4,26,76.7
"STRAWBERRY LUNCH BOX WITH CUTLERY","United Kingdom",4,17,43.349999999999994
"PACK OF 60 DINOSAUR CAKE CASES","United Kingdom",4,75,41.25
"PORCELAIN ROSE SMALL","United Kingdom",4,43,36.55
"GENTLEMAN SHIRT REPAIR KIT ","United Kingdom",4,12,10.2
"CHILDREN'S APRON DOLLY GIRL ","United Kingdom",4,9,18.900000000000002
"PACK OF 6 HANDBAG GIFT BOXES","United Kingdom",4,8,20.4
"FLUTED ANTIQUE CANDLE HOLDER","United Kingdom",4,37,31.45
"SAVE THE PLANET COTTON TOTE BAG","United Kingdom",4,16,36
"IVORY HANGING DECORATION  HEART","United Kingdom",4,73,62.05
"CHRISTMAS TREE STAR DECORATION","United Kingdom",4,83,34.86
"SMALL HEART FLOWERS HOOK ","United Kingdom",4,63,53.55
"RED STRIPE CERAMIC DRAWER KNOB","United Kingdom",4,32,40
"CHRISTMAS TREE DECORATION WITH BELL","United Kingdom",4,88,36.96
"VINTAGE SEASIDE JIGSAW PUZZLES","United Kingdom",4,8,30
"SET OF 6 3D KIT CARDS FOR KIDS","United Kingdom",4,22,18.7
"PEACE WOODEN BLOCK LETTERS","United Kingdom",4,10,69.5
"INFLATABLE POLITICAL GLOBE ","United Kingdom",4,38,32.3
"OFFICE MUG WARMER BLACK+SILVER ","United Kingdom",4,9,26.55
"ROBOT BIRTHDAY CARD","United Kingdom",4,48,20.16
"36 PENCILS TUBE RED RETROSPOT","United Kingdom",4,22,27.5
"SET 3 WICKER OVAL BASKETS W LIDS","United Kingdom",4,7,127.65
"HANGING METAL HEART LANTERN","United Kingdom",4,39,64.35
"RED SPOTTY BISCUIT TIN","United Kingdom",4,10,37.5
"KINGS CHOICE GIANT TUBE MATCHES","United Kingdom",4,20,50.99999999999999
"CREAM HEART CARD HOLDER","United Kingdom",4,94,330.97999999999996
"SET OF 9 BLACK SKULL BALLOONS","United Kingdom",4,24,20.400000000000002
"WHITE WIRE EGG HOLDER","United Kingdom",4,60,309.00000000000006
"LIGHT GARLAND BUTTERFILES PINK","United Kingdom",4,209,719.29
"WOODEN OWLS LIGHT GARLAND ","United Kingdom",4,209,719.29
"LOVE HEART NAPKIN BOX ","United Kingdom",4,11,46.75
"FIVE HEART HANGING DECORATION","United Kingdom",4,19,56.05000000000001
"SKULLS GREETING CARD","United Kingdom",4,60,25.2
"ANTIQUE GLASS PEDESTAL BOWL","United Kingdom",4,26,97.5
"GUMBALL MAGAZINE RACK","United Kingdom",4,8,61.2
"GIN & TONIC DIET GREETING CARD ","United Kingdom",4,84,35.28
"GLITTER BUTTERFLY CLIPS","United Kingdom",4,11,28.049999999999997
"RED STAR CARD HOLDER","United Kingdom",4,13,38.35000000000001
"RED RETROSPOT WRAP ","United Kingdom",4,300,106
"FAMILY ALBUM WHITE PICTURE FRAME","United Kingdom",4,22,173.4
"VINTAGE CREAM 3 BASKET CAKE STAND","United Kingdom",4,8,79.6
"BABY BOOM RIBBONS ","United Kingdom",4,11,13.75
"CLASSIC WHITE FRAME","United Kingdom",4,18,53.10000000000001
"PINK HEART DOTS HOT WATER BOTTLE","United Kingdom",4,8,30
"GREEN FERN NOTEBOOK","United Kingdom",4,6,9.899999999999999
"PACK OF 6 SWEETIE GIFT BOXES","United Kingdom",4,12,30.599999999999998
"PARTY CONES CANDY ASSORTED","United Kingdom",4,84,105
"IVORY DINER WALL CLOCK","United Kingdom",4,13,110.5
"RETROSPOT LAMP","United Kingdom",4,16,159.2
"LOCAL CAFE MUG","United Kingdom",4,4,8.4
"GLITTER CHRISTMAS HEART ","United Kingdom",4,79,67.14999999999999
"YULETIDE IMAGES GIFT WRAP SET","United Kingdom",4,14,29.400000000000006
"PAPER BUNTING COLOURED LACE","United Kingdom",4,5,14.75
"SKULLS SQUARE TISSUE BOX","United Kingdom",4,5,6.25
"S/6 SEW ON CROCHET FLOWERS","United Kingdom",4,15,18.75
"KEY FOB , FRONT  DOOR ","United Kingdom",4,56,36.400000000000006
"SMALL FOLKART STAR CHRISTMAS DEC","United Kingdom",4,134,56.28
"SMALLFOLKART BAUBLE CHRISTMAS DEC","United Kingdom",4,174,73.08
"RED DAISY POCKET BOOK ","United Kingdom",4,13,11.05
"HERB MARKER CHIVES ","United Kingdom",4,8,5.2
"PAPER CHAIN KIT EMPIRE","United Kingdom",4,23,67.85000000000001
"DOORMAT TOPIARY","United Kingdom",4,14,99.3
"METAL SIGN TAKE IT OR LEAVE IT ","United Kingdom",4,23,67.85000000000001
"CHRISTMAS RETROSPOT ANGEL WOOD","United Kingdom",4,42,35.699999999999996
"BIRTHDAY PARTY CORDON BARRIER TAPE","United Kingdom",4,39,48.75
"MEMO BOARD RETROSPOT  DESIGN","United Kingdom",4,11,54.45
"CHRISTMAS RETROSPOT STAR WOOD","United Kingdom",4,27,22.95
"TOY TIDY SPACEBOY  ","United Kingdom",4,13,27.3
"BREAD BIN DINER STYLE RED ","United Kingdom",4,14,213.29999999999995
"PINK POLKADOT WRAP ","United Kingdom",4,150,57
"FAIRY CAKE FLANNEL ASSORTED COLOUR","United Kingdom",4,36,91.8
"BLACK LOVE BIRD T-LIGHT HOLDER","United Kingdom",4,63,86.25
"CARDHOLDER HOLLY WREATH METAL","United Kingdom",4,9,33.75
"SKULLS  DESIGN  COTTON TOTE BAG","United Kingdom",4,5,11.25
"FINE WICKER HEART ","United Kingdom",4,79,89.63
"3 HOOK PHOTO SHELF ANTIQUE WHITE","United Kingdom",4,7,59.5
"SET 6 FOOTBALL CELEBRATION CANDLES","United Kingdom",4,37,46.25
"CARD HOLDER GINGHAM HEART","United Kingdom",4,24,61.199999999999996
"JAM MAKING SET PRINTED",Germany,4,48,69.6
"SET OF 72 GREEN PAPER DOILIES","United Kingdom",4,7,10.149999999999999
"HERB MARKER MINT","United Kingdom",4,8,5.2
"JAM JAR WITH PINK LID",Germany,4,60,51
"ASSORTED BOTTLE TOP  MAGNETS ","United Kingdom",4,54,22.68
"6 CHOCOLATE LOVE HEART T-LIGHTS","United Kingdom",4,85,148.98000000000002
"JAM JAR WITH GREEN LID",Germany,4,60,51
"TOAST ITS - BEST MUM","United Kingdom",4,28,32.6
"GLITTER HEART GARLAND WITH BELLS ","United Kingdom",4,11,41.25
"HANGING METAL STAR LANTERN","United Kingdom",4,60,98.99999999999999
"BLUE POLKADOT PASSPORT COVER","United Kingdom",4,4,8.4
"CARD CIRCUS PARADE","United Kingdom",4,48,20.16
"PAINTED METAL STAR WITH HOLLY BELLS","United Kingdom",4,17,24.65
"ROTATING LEAVES T-LIGHT HOLDER","United Kingdom",4,31,38.75
"MAGIC TREE -PAPER FLOWERS","United Kingdom",4,52,44.2
"FRIDGE MAGNETS LA VIE EN ROSE","United Kingdom",4,36,30.6
"SPACEBOY CHILDRENS EGG CUP","United Kingdom",4,27,33.75
"CREAM SLICE FLANNEL PINK SPOT ","United Kingdom",4,127,326.65
"BLUE PARTY BAGS ","United Kingdom",4,63,132.3
"HOLIDAY FUN LUDO","United Kingdom",4,10,37.5
"GREEN POLKADOT BOWL","United Kingdom",4,22,27.5
"RED RETROSPOT BOWL","United Kingdom",4,93,102.57000000000001
"6 RIBBONS EMPIRE  ","United Kingdom",4,5,8.25
"YULETIDE IMAGES S/6 PAPER BOXES","United Kingdom",4,9,22.95
"CHARLOTTE BAG SUKI DESIGN","United Kingdom",4,130,97.5
"HEARTS  STICKERS","United Kingdom",4,31,26.349999999999998
"RED RETROSPOT TEA CUP AND SAUCER ","United Kingdom",4,19,71.25
"CINAMMON & ORANGE WREATH","United Kingdom",4,26,161.10000000000002
"RED DRAGONFLY HELICOPTER","United Kingdom",4,4,31.8
"SET OF 3 BABUSHKA STACKING TINS","United Kingdom",4,12,59.4
"PICNIC BASKET WICKER LARGE","United Kingdom",4,5,49.75
"KINGS CHOICE TEA CADDY ","United Kingdom",4,14,41.30000000000001
"SWALLOWS GREETING CARD","United Kingdom",4,72,30.24
"HEART DECORATION WITH PEARLS ","United Kingdom",4,11,9.35
"ROUND CAKE TIN VINTAGE RED","United Kingdom",4,10,79.5
"CARD DOLLY GIRL ","United Kingdom",4,60,25.2
"WATERING CAN GREEN DINOSAUR","United Kingdom",4,22,42.9
"COFFEE MUG DOG + BALL DESIGN","United Kingdom",4,14,35.699999999999996
"HI TEC ALPINE HAND WARMER","United Kingdom",4,11,18.15
"SET OF 4 NAPKIN CHARMS HEARTS","United Kingdom",4,6,15.3
"YELLOW FLOWERS FELT HANDBAG KIT","United Kingdom",4,7,14.700000000000001
"ROCKING HORSE GREEN CHRISTMAS ","United Kingdom",4,110,81.02
"STRIPES DESIGN TEDDY","United Kingdom",4,7,17.85
"RED SPOT CERAMIC DRAWER KNOB","United Kingdom",4,40,50
"FEATHER PEN,COAL BLACK","United Kingdom",4,60,51
"RIDGED GLASS STORAGE JAR CREAM LID","United Kingdom",4,9,33.75
"RED RETROSPOT CUP","United Kingdom",4,15,12.749999999999998
"ANTIQUE SILVER TEA GLASS ENGRAVED","United Kingdom",4,93,102.57000000000001
"RECIPE BOX WITH METAL HEART","United Kingdom",3,7,55.650000000000006
"YELLOW COAT RACK PARIS FASHION","United Kingdom",3,5,24.75
"BALLOON WATER BOMB PACK OF 35","United Kingdom",3,51,21.42
"POTTING SHED SEED ENVELOPES","United Kingdom",3,5,6.25
"BALLOON PUMP WITH 10 BALLOONS","United Kingdom",3,28,54.599999999999994
"CHOCOLATE 3 WICK MORRIS BOX CANDLE","United Kingdom",3,4,17
"CHARLIE+LOLA RED HOT WATER BOTTLE ","United Kingdom",3,12,55.800000000000004
"SMALL LICORICE DES PINK BOWL","United Kingdom",3,3,3.75
"ALPHABET STENCIL CRAFT","United Kingdom",3,18,22.5
"DOORMAT AIRMAIL ","United Kingdom",3,13,91.35000000000001
"3 TRADITIONAl BISCUIT CUTTERS  SET","United Kingdom",3,14,29.400000000000002
"WATERING CAN PINK BUNNY","United Kingdom",3,13,25.349999999999998
"SET OF 4 NAPKIN CHARMS CUTLERY","United Kingdom",3,10,25.5
"SET OF 4 NAPKIN CHARMS CROWNS ","United Kingdom",3,3,7.6499999999999995
"WOODEN HAPPY BIRTHDAY GARLAND","United Kingdom",3,8,23.6
"PENNY FARTHING BIRTHDAY CARD","United Kingdom",3,36,15.120000000000001
"CHERRY CROCHET FOOD COVER","United Kingdom",3,3,11.25
"CARD PSYCHEDELIC APPLES","United Kingdom",3,48,20.16
"GLITTER CHRISTMAS TREE","United Kingdom",3,19,16.15
"RED ENCHANTED FOREST PLACEMAT","United Kingdom",3,11,18.15
"ART LIGHTS,FUNK MONKEY","United Kingdom",3,27,71.65
"SWISS ROLL TOWEL, CHOCOLATE  SPOTS","United Kingdom",3,19,56.05000000000001
"PAPER CHAIN KIT LONDON","United Kingdom",3,3,8.850000000000001
"MEASURING TAPE BABUSHKA BLUE","United Kingdom",3,49,134.95000000000002
"PEACE SMALL WOOD LETTERS","United Kingdom",3,5,33.75
"CHRYSANTHEMUM SKETCHBOOK ","United Kingdom",3,4,15
"CERAMIC STRAWBERRY MONEY BOX","United Kingdom",3,9,22.949999999999996
"BALLOON ART MAKE YOUR OWN FLOWERS","United Kingdom",3,12,23.4
"GLASS CLOCHE SMALL","United Kingdom",3,29,101.11000000000001
"SILVER CHRISTMAS TREE BAUBLE STAND ","United Kingdom",3,3,50.849999999999994
"LADLE LOVE HEART PINK","United Kingdom",3,19,7.98
"TOY TIDY PINK POLKADOT","United Kingdom",3,58,109.3
"BIRD DECORATION RED RETROSPOT","United Kingdom",3,25,21.25
"SET/12 TAPER CANDLES","United Kingdom",3,17,14.45
"LOVELY BONBON STICKER SHEET","United Kingdom",3,16,13.599999999999998
"3D DOG PICTURE PLAYING CARDS","United Kingdom",3,5,14.75
"GINGHAM HEART  DOORSTOP RED","United Kingdom",3,10,42.5
"FRIDGE MAGNETS LES ENFANTS ASSORTED","United Kingdom",3,30,25.5
"FRENCH BATHROOM SIGN BLUE METAL","United Kingdom",3,15,24.749999999999996
"5 HOOK HANGER MAGIC TOADSTOOL","United Kingdom",3,29,47.849999999999994
"MILK BOTTLE WITH GLASS STOPPER ","United Kingdom",3,6,41.7
"WELCOME  WOODEN BLOCK LETTERS","United Kingdom",3,7,69.64999999999999
"SKULLS  STICKERS","United Kingdom",3,44,37.400000000000006
"4 IVORY DINNER CANDLES SILVER FLOCK","United Kingdom",3,20,50.99999999999999
"PINK PARTY BAGS","United Kingdom",3,63,132.3
"BLUE GIANT GARDEN THERMOMETER","United Kingdom",3,5,29.75
"SET OF 6 KASHMIR FOLKART BAUBLES","United Kingdom",3,8,34
"POLKADOT RAIN HAT ","United Kingdom",3,146,46.92
"SPACEBOY GIFT WRAP","United Kingdom",3,75,31.5
"OFFICE MUG WARMER POLKADOT","United Kingdom",3,3,8.850000000000001
"GLASS  BEURRE DISH","United Kingdom",3,10,39.50000000000001
"LARGE HANGING IVORY & RED WOOD BIRD","United Kingdom",3,46,29.900000000000002
"SMALL HANGING IVORY/RED WOOD BIRD","United Kingdom",3,94,39.48
"PINK DOUGHNUT TRINKET POT ","United Kingdom",3,25,41.24999999999999
"BOUDOIR SQUARE TISSUE BOX","United Kingdom",3,6,7.5
"DOORMAT I LOVE LONDON","United Kingdom",3,3,23.85
"FANCY FONTS BIRTHDAY WRAP","United Kingdom",3,75,31.5
"SET OF 4 ENGLISH ROSE COASTERS","United Kingdom",3,22,27.5
"KEEP OUT BOYS DOOR HANGER ","United Kingdom",3,20,28.999999999999996
"BAG 125g SWIRLY MARBLES","United Kingdom",3,206,86.52000000000001
"CARAVAN SQUARE TISSUE BOX","United Kingdom",3,15,18.75
"SET 20 NAPKINS FAIRY CAKES DESIGN ","United Kingdom",3,3,2.55
"MA CAMPAGNE CUTLERY BOX","United Kingdom",3,4,59.8
"JAZZ HEARTS PURSE NOTEBOOK","United Kingdom",3,24,20.4
"BLUE NEW BAROQUE CANDLESTICK CANDLE","United Kingdom",3,16,47.2
"PINK NEW BAROQUECANDLESTICK CANDLE","United Kingdom",3,6,17.700000000000003
"BREAD BIN DINER STYLE PINK","United Kingdom",3,10,153.49999999999997
"WICKER WREATH SMALL","United Kingdom",3,19,27.55
"SUKI  SHOULDER BAG","United Kingdom",3,12,19.799999999999997
"GREEN DRAWER KNOB ACRYLIC EDWARDIAN","United Kingdom",3,36,45
"BLUE DRAWER KNOB ACRYLIC EDWARDIAN","United Kingdom",3,33,41.25
"METAL MERRY CHRISTMAS WREATH","United Kingdom",3,12,23.4
"BRIGHT BLUES RIBBONS ","United Kingdom",3,18,22.5
"POLKADOT PEN","United Kingdom",3,144,122.39999999999999
"SWEETHEART WIRE MAGAZINE RACK","United Kingdom",3,5,39.75
"CACTI T-LIGHT CANDLES","United Kingdom",3,160,67.2
"MAGIC DRAWING SLATE DINOSAUR","United Kingdom",3,26,10.92
"MAGIC DRAWING SLATE BAKE A CAKE ","United Kingdom",3,72,27.36
"SKULLS  WATER TRANSFER TATTOOS ","United Kingdom",3,23,19.55
"VICTORIAN GLASS HANGING T-LIGHT","United Kingdom",3,72,90
"RETRO MOD TRAY","United Kingdom",3,17,14.45
"CHEST OF DRAWERS GINGHAM HEART ","United Kingdom",3,5,84.75
"CARD BIRTHDAY COWBOY","United Kingdom",3,36,15.120000000000001
"BAG 500g SWIRLY MARBLES","United Kingdom",3,19,31.349999999999998
"5 STRAND GLASS NECKLACE CRYSTAL","United Kingdom",3,6,38.099999999999994
"BLACK CHRISTMAS TREE 60CM","United Kingdom",3,26,21.5
"SET 12 LAVENDER  BOTANICAL T-LIGHTS","United Kingdom",3,11,32.45
"NURSERY A,B,C PAINTED LETTERS","United Kingdom",3,4,27
"OFFICE MUG WARMER CHOC+BLUE","United Kingdom",3,13,38.35000000000001
"CAMOUFLAGE LED TORCH","United Kingdom",3,228,344.52
"CAKE STAND VICTORIAN FILIGREE MED","United Kingdom",3,10,67.5
"UNION JACK FLAG PASSPORT COVER ","United Kingdom",3,74,125.87999999999998
"GOLD MINI TAPE MEASURE ","United Kingdom",3,10,8.5
"SWEETHEART WIRE WALL TIDY","United Kingdom",3,5,49.75
"WATERING CAN GARDEN MARKER","United Kingdom",3,15,18.75
"SILVER PLATE CANDLE BOWL SMALL","United Kingdom",3,24,70.80000000000001
"PINK UNION JACK  LUGGAGE TAG","United Kingdom",3,3,3.75
"6 RIBBONS SHIMMERING PINKS ","United Kingdom",3,4,6.6
"OWL DOORSTOP","United Kingdom",3,5,24.75
"SET/10 BLUE POLKADOT PARTY CANDLES","United Kingdom",3,4,5
"VINTAGE PAISLEY STATIONERY SET","United Kingdom",3,3,8.850000000000001
"VICTORIAN  METAL POSTCARD SPRING","United Kingdom",3,29,49.010000000000005
"DOORSTOP RETROSPOT HEART","United Kingdom",3,13,48.75
"12 COLOURED PARTY BALLOONS","United Kingdom",3,18,11.700000000000001
"FLOWER VINE RAFFIA FOOD COVER","United Kingdom",3,4,15
"PINK HEART SHAPE PHOTO FRAME","United Kingdom",3,5,8.25
"SILVER DIAMANTE PEN IN GIFT BOX","United Kingdom",3,6,29.700000000000003
"BLUE JUICY FRUIT PHOTO FRAME","United Kingdom",3,13,33.15
"PINK HAPPY BIRTHDAY BUNTING","United Kingdom",3,18,98.10000000000001
"GLASS HEART T-LIGHT HOLDER ","United Kingdom",3,25,21.25
"WOOD STAMP SET THANK YOU","United Kingdom",3,19,31.349999999999998
"CREAM WALL PLANTER HEART SHAPED","United Kingdom",3,5,29.75
"YELLOW SHARK HELICOPTER","United Kingdom",3,3,23.85
"DOLLY GIRL CHILDRENS EGG CUP","United Kingdom",3,4,5
"GARDEN METAL SIGN ","United Kingdom",3,16,26.399999999999995
"PACK OF 12 TRADITIONAL CRAYONS","United Kingdom",3,37,15.54
"SET OF 6 STRAWBERRY CHOPSTICKS","United Kingdom",3,16,20
"WOODEN UNION JACK BUNTING","United Kingdom",3,6,35.7
"12 PENCILS TALL TUBE WOODLAND","United Kingdom",3,12,10.2
"GAOLERS KEYS DECORATIVE GARDEN ","United Kingdom",3,29,100.11
"TOTE BAG I LOVE LONDON","United Kingdom",3,14,29.400000000000002
"COSY SLIPPER SHOES SMALL GREEN","United Kingdom",3,9,26.550000000000004
"5 HOOK HANGER RED MAGIC TOADSTOOL","United Kingdom",3,10,16.499999999999996
"PACK OF 20 NAPKINS PANTRY DESIGN","United Kingdom",3,4,3.4
"CHARLOTTE BAG DOLLY GIRL DESIGN","United Kingdom",3,14,11.899999999999999
"MEASURING TAPE BABUSHKA PINK","United Kingdom",3,66,170.7
"VINTAGE KID DOLLY CARD ","United Kingdom",3,48,18.72
"MIRROR LOVE BIRD T-LIGHT HOLDER","United Kingdom",3,38,52.5
"HANGING JAM JAR T-LIGHT HOLDER","United Kingdom",3,264,193.20000000000002
"RED RETROSPOT PURSE ","United Kingdom",3,13,38.35000000000001
"BLUE POLKADOT PUDDING BOWL","United Kingdom",3,9,18.900000000000002
"MONSTERS STENCIL CRAFT","United Kingdom",3,7,8.75
"FANNY'S REST STOPMETAL SIGN","United Kingdom",3,18,37.800000000000004
"GIN AND TONIC MUG","United Kingdom",3,19,23.75
"CHOCOLATE THIS WAY METAL SIGN","United Kingdom",3,38,79.80000000000001
"PINK  POLKADOT PLATE ","United Kingdom",3,10,16.9
"LOVE HEART POCKET WARMER","United Kingdom",3,8,13.2
"MONEY BOX KINGS CHOICE DESIGN","United Kingdom",3,19,23.75
"MONEY BOX POCKET MONEY DESIGN","United Kingdom",3,19,23.75
"ENAMEL WATERING CAN CREAM","United Kingdom",3,4,19.8
"CREAM SWEETHEART MINI CHEST","United Kingdom",3,6,76.5
"LARGE CAKE STAND  HANGING STRAWBERY","United Kingdom",3,6,59.699999999999996
"BLUE POLKADOT PLATE ","United Kingdom",3,10,16.9
"DECOUPAGE,GREETING CARD,","United Kingdom",3,72,30.24
"6 RIBBONS RUSTIC CHARM",Germany,3,48,79.19999999999999
"CREAM SLICE FLANNEL CHOCOLATE SPOT ","United Kingdom",3,9,26.55
"GREEN POLKADOT PLATE ","United Kingdom",3,10,16.9
"ANGEL DECORATION STARS ON DRESS","United Kingdom",3,55,23.1
"PAINTED METAL HEART WITH HOLLY BELL","United Kingdom",3,8,11.599999999999998
"MOROCCAN TEA GLASS","United Kingdom",3,36,30.599999999999998
"RED HEART SHAPE LOVE BUCKET ","United Kingdom",3,10,29.5
"LARGE PURPLE BABUSHKA NOTEBOOK  ","United Kingdom",3,4,5
"200 RED + WHITE BENDY STRAWS","United Kingdom",3,14,17.5
"URBAN BLACK RIBBONS ","United Kingdom",3,8,10
"DO NOT TOUCH MY STUFF DOOR HANGER ","United Kingdom",3,14,20.299999999999997
"PINK VINTAGE PAISLEY PICNIC BAG","United Kingdom",3,8,23.6
"BLUE POLKADOT BOWL","United Kingdom",3,10,12.5
"FAIRY CAKE NOTEBOOK A5 SIZE","United Kingdom",3,29,24.65
"PINK  POLKADOT CUP","United Kingdom",3,17,14.45
"PARTY BUNTING","United Kingdom",3,8,37.199999999999996
"PHARMACIE FIRST AID TIN","United Kingdom",3,10,67.5
"BEADED PEARL HEART WHITE LARGE","United Kingdom",3,27,44.54999999999999
"NO SINGING METAL SIGN","United Kingdom",3,16,33.6
"12 RED ROSE PEG PLACE SETTINGS","United Kingdom",3,5,6.25
"COFFEE MUG BLUE PAISLEY DESIGN","United Kingdom",3,13,33.15
"SET/3 OCEAN SCENT CANDLE JEWEL BOX","United Kingdom",3,12,51
"FELTCRAFT HAIRBAND PINK AND BLUE","United Kingdom",3,15,12.749999999999998
"SET OF 72 PINK HEART PAPER DOILIES","United Kingdom",3,14,20.299999999999997
"POTTERING MUG","United Kingdom",3,5,6.25
"CALENDAR PAPER CUT DESIGN","United Kingdom",3,7,20.650000000000002
"HAPPY STENCIL CRAFT","United Kingdom",3,7,8.75
"ASS DES PHONE SPONGE CRAFT STICKER","United Kingdom",3,62,40.3
"12 IVORY ROSE PEG PLACE SETTINGS","United Kingdom",3,7,8.75
"200 BENDY SKULL STRAWS","United Kingdom",3,14,17.5
"LARGE CAKE TOWEL PINK SPOTS","United Kingdom",3,5,33.75
"ASSORTED TUTTI FRUTTI BRACELET","United Kingdom",3,6,3.9
"VINTAGE CREAM DOG FOOD CONTAINER","United Kingdom",3,4,34
"JIGSAW TREE WITH BIRDHOUSE","United Kingdom",3,15,21.749999999999996
"TEA FOR ONE POLKADOT","United Kingdom",3,3,12.75
"PINK KNITTED EGG COSY","United Kingdom",3,6,11.7
"SMALL POLKADOT CHOCOLATE GIFT BAG ","United Kingdom",3,60,51
"GARLAND WITH STARS AND BELLS","United Kingdom",2,7,34.650000000000006
"MAGNETS PACK OF 4 CHILDHOOD MEMORY","United Kingdom",2,24,30
"TOAST ITS - HAPPY BIRTHDAY","United Kingdom",2,4,5
"WOODEN ADVENT CALENDAR RED","United Kingdom",2,4,67.8
"CHRISTMAS GARLAND STARS,TREES","United Kingdom",2,13,48.75
"WHITE WOOD GARDEN PLANT LADDER","United Kingdom",2,3,29.849999999999998
"GLASS JAR DIGESTIVE BISCUITS","United Kingdom",2,2,5.9
"SET/4 MODERN VINTAGE COTTON NAPKINS","United Kingdom",2,4,11.8
"SWALLOW SQUARE TISSUE BOX","United Kingdom",2,2,2.5
"NO JUNK MAIL METAL SIGN","United Kingdom",2,7,8.75
"SLATE TILE NATURAL HANGING","United Kingdom",2,5,8.25
"BIRD BOX CHRISTMAS TREE DECORATION","United Kingdom",2,17,14.45
"WOODEN ADVENT CALENDAR CREAM","United Kingdom",2,3,50.849999999999994
"DOORMAT BLACK FLOCK ","United Kingdom",2,2,15.9
"MAKE YOUR OWN PLAYTIME CARD KIT","United Kingdom",2,2,5.9
"WOOD AND GLASS MEDICINE CABINET","United Kingdom",2,2,59.9
"SET OF 2 TINS JARDIN DE PROVENCE","United Kingdom",2,4,19.8
"DOORMAT PEACE ON EARTH BLUE","United Kingdom",2,6,47.7
"FRENCH BLUE METAL DOOR SIGN 1","United Kingdom",2,11,13.75
"TOAST ITS - FAIRY FLOWER","United Kingdom",2,13,16.25
"GROW YOUR OWN PLANT IN A CAN ","United Kingdom",2,48,60
"EMBOSSED GLASS TEALIGHT HOLDER","United Kingdom",2,30,37.5
"EUCALYPTUS & PINECONE  WREATH","United Kingdom",2,4,27
"CARDHOLDER GINGHAM STAR","United Kingdom",2,12,30.599999999999998
"HEART T-LIGHT HOLDER ","United Kingdom",2,10,14.5
"BLACK ORANGE SQUEEZER","United Kingdom",2,13,5.46
"EDWARDIAN PARASOL PINK","United Kingdom",2,50,232.7
"STAR  T-LIGHT HOLDER ","United Kingdom",2,5,7.25
"BREAD BIN DINER STYLE IVORY","United Kingdom",2,5,76.75
"3 TRADITIONAL COOKIE CUTTERS  SET","United Kingdom",2,12,25.200000000000003
"SWIRLY CIRCULAR RUBBERS IN BAG","United Kingdom",2,2,0.84
"FEATHER PEN,HOT PINK","United Kingdom",2,24,20.4
"LIPSTICK PEN FUSCHIA","United Kingdom",2,13,5.46
"CHRISTMAS CARD STACK OF PRESENTS","United Kingdom",2,24,10.08
"BLACK DIAMANTE EXPANDABLE RING","United Kingdom",2,3,12.75
"TOOL BOX SOFT TOY ","United Kingdom",2,2,17.9
"WATERING CAN BLUE ELEPHANT","United Kingdom",2,30,58.5
"VINTAGE BILLBOARD TEA MUG","United Kingdom",2,24,30
"STARS GIFT TAPE ","United Kingdom",2,25,16.25
"SET OF 2 TINS VINTAGE BATHROOM ","United Kingdom",2,3,12.75
"GREEN FERN JOURNAL ","United Kingdom",2,3,7.6499999999999995
"RIBBON REEL FLORA + FAUNA ","United Kingdom",2,2,3.3
"CUTE CATS TAPE","United Kingdom",2,13,8.450000000000001
"RED POLKADOT COFFEE  MUG","United Kingdom",2,3,6.300000000000001
"TOOTHPASTE TUBE PEN","United Kingdom",2,14,9.100000000000001
"CREAM SWEETHEART EGG HOLDER","United Kingdom",2,3,14.850000000000001
"DECORATIVE PLANT POT WITH FRIEZE","United Kingdom",2,3,23.85
"FRENCH BLUE METAL DOOR SIGN 5","United Kingdom",2,22,27.5
"FAIRY SOAP SOAP HOLDER","United Kingdom",2,17,28.73
"JOY WOODEN BLOCK LETTERS","United Kingdom",2,4,19.8
"PLACE SETTING WHITE STAR","United Kingdom",2,36,15.120000000000001
"TOAST ITS - I LOVE YOU ","United Kingdom",2,26,32.5
"LADYBIRD + BEE RAFFIA FOOD COVER","United Kingdom",2,7,26.25
"CHILDRENS GARDEN GLOVES BLUE","United Kingdom",2,2,2.5
"SMALL CHINESE STYLE SCISSOR","United Kingdom",2,14,5.88
"RED FLOWER CROCHET FOOD COVER","United Kingdom",2,2,7.5
"POLKA DOT RAFFIA FOOD COVER","United Kingdom",2,2,7.5
"BAG 250g SWIRLY MARBLES","United Kingdom",2,13,11.049999999999999
"POLKADOT MUG PINK ","United Kingdom",2,12,19.799999999999997
"HYACINTH BULB T-LIGHT CANDLES","United Kingdom",2,48,20.16
"FAIRY CAKE BIRTHDAY CANDLE SET","United Kingdom",2,8,30
"ROSE 3 WICK MORRIS BOX CANDLE","United Kingdom",2,2,8.5
"YELLOW GIANT GARDEN THERMOMETER","United Kingdom",2,4,23.8
"RED RETROSPOT CHILDRENS UMBRELLA","United Kingdom",2,25,81.25
"BROCANTE SHELF WITH HOOKS","United Kingdom",2,6,64.5
"PICTURE FRAME WOOD TRIPLE PORTRAIT","United Kingdom",2,7,47.25
"RED RETROSPOT TISSUE BOX","United Kingdom",2,8,10
"METAL SIGN EMPIRE TEA","United Kingdom",2,12,35.400000000000006
"RETRO PLASTIC ELEPHANT TRAY","United Kingdom",2,2,1.7
"GIRLS VINTAGE TIN SEASIDE BUCKET","United Kingdom",2,10,25.5
"PHOTO FRAME 3 CLASSIC HANGING","United Kingdom",2,4,39.8
"BOYS VINTAGE TIN SEASIDE BUCKET","United Kingdom",2,13,33.15
"STRAWBERRY HONEYCOMB  GARLAND ","United Kingdom",2,13,21.449999999999996
"PINK POLKADOT BOWL","United Kingdom",2,9,11.25
"SHOE SHINE BOX ","United Kingdom",2,3,29.849999999999998
"VANILLA INCENSE 40 CONES IN TIN","United Kingdom",2,7,8.75
"COLUMBIAN CANDLE ROUND ","United Kingdom",2,7,8.75
"ADVENT CALENDAR GINGHAM SACK","United Kingdom",2,3,17.85
"CHILDREN'S CIRCUS PARADE MUG","United Kingdom",2,2,3.3
"HEART DECORATION PAINTED ZINC ","United Kingdom",2,34,22.1
"HANGING CHICK  YELLOW DECORATION","United Kingdom",2,2,2.9
"SET OF 72 SKULL PAPER  DOILIES","United Kingdom",2,13,18.849999999999998
"SET OF 36 PAISLEY FLOWER DOILIES","United Kingdom",2,3,4.35
"BLUE GLASS CHUNKY CHARM BRACELET","United Kingdom",2,2,17.9
"SCOTTIES CHILDRENS APRON","United Kingdom",2,2,3.3
"12 PENCILS TALL TUBE POSY","United Kingdom",2,7,5.95
"ALARM CLOCK BAKELIKE PINK",France,2,28,105
"PINK FLOWER CROCHET FOOD COVER","United Kingdom",2,2,7.5
"ALARM CLOCK BAKELIKE RED ",France,2,28,105
"ALARM CLOCK BAKELIKE GREEN",France,2,16,60
"LIPSTICK PEN RED","United Kingdom",2,48,20.16
"EMPIRE BIRTHDAY CARD","United Kingdom",2,36,15.120000000000001
"JOY LARGE WOOD LETTERS","United Kingdom",2,2,19.9
"VINTAGE HEADS AND TAILS CARD GAME ",France,2,36,45
"ROUND SNACK BOXES SET OF4 WOODLAND ",France,2,30,88.50000000000001
"PANDA AND BUNNIES STICKER SHEET","United Kingdom",2,24,20.4
"S/4 VALENTINE DECOUPAGE HEART BOX","United Kingdom",2,13,38.35000000000001
"WOOD STAMP SET BEST WISHES","United Kingdom",2,13,21.449999999999996
"WRAP PINK FAIRY CAKES ","United Kingdom",2,50,21
"CARD CAT AND TREE ","United Kingdom",2,36,15.120000000000001
"LUNCH BOX I LOVE LONDON",France,2,36,70.19999999999999
"CARD DOG AND BALL ","United Kingdom",2,24,10.08
"DIAMANTE BOW BROOCH BLACK COLOUR","United Kingdom",2,5,31.75
"DIAMANTE BOW BROOCH RED COLOUR","United Kingdom",2,6,38.1
"BLACK GEMSTONE BRACELET","United Kingdom",2,2,17.9
"HANGING BAUBLE T-LIGHT HOLDER LARGE","United Kingdom",2,4,11.8
"JUMBO BAG SPACEBOY DESIGN","United Kingdom",2,9,17.55
"CHARLOTTE BAG DOLLY GIRL DESIGN",France,2,30,25.5
"FOLDING UMBRELLA RED/WHITE POLKADOT","United Kingdom",2,2,9.9
"GOLD PRINT PAPER BAG","United Kingdom",2,19,3.6100000000000003
"BLUE PAISLEY POCKET BOOK","United Kingdom",2,7,5.949999999999999
"FOLDING UMBRELLA PINKWHITE POLKADOT","United Kingdom",2,2,9.9
"SET OF 6 CAKE CHOPSTICKS","United Kingdom",2,7,8.75
"MINI JIGSAW SPACEBOY",France,2,48,20.16
"PORCELAIN ROSE LARGE ","United Kingdom",2,15,18.75
"DOCTOR'S BAG SOFT TOY","United Kingdom",2,9,80.55
"PINK HORSE SOCK PUPPET","United Kingdom",2,2,5.9
"AIRLINE LOUNGE,METAL SIGN","United Kingdom",2,14,29.400000000000002
"PHOTO CLIP LINE","United Kingdom",2,4,5
"SKULL SHOULDER BAG","United Kingdom",2,11,18.15
"BIG DOUGHNUT FRIDGE MAGNETS","United Kingdom",2,14,11.899999999999999
"BLACK ENCHANTED FOREST PLACEMAT","United Kingdom",2,126,183.9
"WRAP GREEN PEARS ","United Kingdom",2,50,21
"YELLOW BREAKFAST CUP AND SAUCER","United Kingdom",2,2,5.9
"TEA TIME DES TEA COSY","United Kingdom",2,8,20.4
"12 DAISY PEGS IN WOOD BOX","United Kingdom",2,3,4.949999999999999
"AIRLINE BAG VINTAGE JET SET BROWN","United Kingdom",2,3,12.75
"BLUE OWL SOFT TOY","United Kingdom",2,5,14.75
"TWO DOOR CURIO CABINET","United Kingdom",2,4,51
"WHITE JEWELLED HEART DECORATION","United Kingdom",2,72,61.199999999999996
" 4 PURPLE FLOCK DINNER CANDLES","United Kingdom",2,14,35.699999999999996
"RED RETROSPOT SHOPPER BAG","United Kingdom",2,20,25
"RED RETROSPOT TAPE","United Kingdom",2,22,14.3
"GUMBALL MONOCHROME COAT RACK","United Kingdom",2,37,39.410000000000004
"CHOCOLATE CALCULATOR","United Kingdom",2,24,39.599999999999994
"ELEPHANT, BIRTHDAY CARD, ","United Kingdom",2,84,32.4
"PINK & WHITE BREAKFAST TRAY","United Kingdom",2,3,17.85
"ENGLISH ROSE SPIRIT LEVEL ","United Kingdom",2,2,3.9
"EMERGENCY FIRST AID TIN ","United Kingdom",2,7,8.75
"3 TIER CAKE TIN RED AND CREAM","United Kingdom",2,4,59.8
"SMALL WHITE RETROSPOT MUG IN BOX ","United Kingdom",2,7,26.25
"HANGING MEDINA LANTERN SMALL","United Kingdom",2,8,23.6
"HAND OPEN SHAPE GOLD","United Kingdom",2,43,146.63
"WHITE LOVEBIRD LANTERN","United Kingdom",2,8,23.6
"SNOWSTORM PHOTO FRAME FRIDGE MAGNET","United Kingdom",2,3,2.55
"PACK OF 12 WOODLAND TISSUES ","United Kingdom",2,49,14.209999999999997
"RED POLKADOT PUDDING BOWL","United Kingdom",2,3,6.300000000000001
"ORGANISER WOOD ANTIQUE WHITE ","United Kingdom",2,4,34
"SPACE FROG","United Kingdom",2,11,13.75
"SPACE OWL","United Kingdom",2,2,2.5
"GARDEN PATH SKETCHBOOK","United Kingdom",2,2,7.5
"ROSE CARAVAN DOORSTOP","United Kingdom",2,5,33.75
"MODERN FLORAL STATIONERY SET","United Kingdom",2,7,20.650000000000002
"BLACK TEA TOWEL CLASSIC DESIGN","United Kingdom",2,5,6.25
